Category,Task
Geolocation,Find the timezone of a given location
Geolocation,Estimate sunrise and sunset times for a location
Geolocation,Calculate the shortest path between multiple locations
Geolocation,Get information about nearby events or concerts
Geolocation,Retrieve historical weather data for a location
Geolocation,Identify regions affected by natural disasters
Geolocation,Calculate the area of a geographical polygon
Geolocation,Get the population density of a specific area
Geolocation,Retrieve satellite imagery for a location
Geolocation,Find elevation profiles along a route
Text Analysis,Extract entities from social media posts
Text Analysis,Generate automatic summaries for news articles
Text Analysis,Identify trends in social media discussions
Text Analysis,Classify emails into spam or not spam
Text Analysis,Generate suggestions for improving writing style
Text Analysis,Analyze the readability of legal documents
Text Analysis,Summarize user reviews for products or services
Text Analysis,Extract insights from customer feedback surveys
Text Analysis,Identify fake news articles
Text Analysis,Analyze sentiment in customer reviews
Mathematics,Calculate the determinant of a matrix
Mathematics,Perform matrix factorization
Mathematics,Compute the eigenvalues and eigenvectors of a matrix
Mathematics,Find the roots of a polynomial equation
Mathematics,Calculate the derivative of a mathematical function
Mathematics,Perform numerical integration
Mathematics,Solve systems of nonlinear equations
Mathematics,Compute the Fourier transform of a signal
Mathematics,Perform statistical analysis on data sets
Mathematics,Generate pseudorandom numbers using different distributions
Data Processing,Scrape data from websites
Data Processing,Convert PDF documents to text or other formats
Data Processing,Clean and preprocess text data for natural language processing
Data Processing,Identify duplicate records in a database
Data Processing,Normalize and standardize data sets
Data Processing,Perform feature engineering for machine learning tasks
Data Processing,Detect anomalies or outliers in data
Data Processing,Aggregate data from multiple sources
Data Processing,Perform data imputation for missing values
Data Processing,Identify correlations between different variables in a dataset
Networking,Perform WHOIS lookups to retrieve domain registration information
Networking,Check the reputation of IP addresses or domains
Networking,Retrieve information about SSL certificates for websites
Networking,Perform network packet capture and analysis
Networking,Implement rate limiting and throttling mechanisms for APIs
Networking,Monitor network traffic for security threats
Networking,Perform vulnerability scanning on network infrastructure
Networking,Implement secure authentication mechanisms (e.g., OAuth)
Networking,Monitor server performance metrics (CPU usage, memory usage, etc.)
Networking,Implement content delivery networks (CDNs) for faster data delivery
Miscellaneous,Generate recommendations based on user preferences
Miscellaneous,Implement chatbots for customer support
Miscellaneous,Create and manage user accounts
Miscellaneous,Generate invoices and receipts
Miscellaneous,Implement file versioning and revision history
Miscellaneous,Generate dynamic QR codes with customizable content
Miscellaneous,Calculate the optimal route for a delivery driver
Miscellaneous,Implement machine learning models for predictive analytics
Miscellaneous,Perform A/B testing for website optimization
Miscellaneous,Generate printable reports from structured data
Miscellaneous,Implement gamification elements in applications
Miscellaneous,Generate personalized greeting cards or messages
Miscellaneous,Implement real-time notifications for events or updates
Miscellaneous,Perform sentiment analysis on social media posts
Miscellaneous,Generate dynamic charts and graphs from data
Miscellaneous,Implement recommendation systems for content or products
Miscellaneous,Calculate carbon footprint based on user activities
Miscellaneous,Generate workout routines tailored to individual fitness goals
Miscellaneous,Implement facial recognition for access control systems
Miscellaneous,Calculate the nutritional content of recipes
Miscellaneous,Implement virtual reality experiences for training simulations
Miscellaneous,Generate personalized workout playlists based on music preferences
Miscellaneous,Perform credit scoring for loan applications
Miscellaneous,Implement dynamic pricing algorithms for e-commerce platforms
Miscellaneous,Generate personalized travel itineraries
Miscellaneous,Calculate the environmental impact of transportation options
Miscellaneous,Implement virtual try-on experiences for fashion retailers
Miscellaneous,Generate personalized skincare routines based on skin type
Miscellaneous,Perform plagiarism detection on academic papers
Miscellaneous,Implement dynamic advertising campaigns based on user behavior
Miscellaneous,Generate personalized book recommendations based on reading history
Miscellaneous,Calculate the optimal inventory levels for retail stores
Miscellaneous,Implement dynamic content personalization on websites
Miscellaneous,Generate personalized financial advice based on spending habits
Miscellaneous,Perform automated code reviews for software projects
Miscellaneous,Implement dynamic pricing for hotel room bookings
Miscellaneous,Generate personalized home decor recommendations based on style preferences
Miscellaneous,Perform predictive maintenance for industrial equipment
Miscellaneous,Implement dynamic discounting strategies for retail promotions
Miscellaneous,Generate personalized meal plans based on dietary restrictions
Miscellaneous,Perform dynamic language translation in real-time
Miscellaneous,Implement personalized learning paths for online education platforms
Miscellaneous,Generate personalized recommendations for online courses
Miscellaneous,Calculate the optimal seating arrangements for events
Miscellaneous,Implement dynamic route planning for public transportation systems
Miscellaneous,Generate personalized music playlists based on mood or activity
Miscellaneous,Perform personalized financial portfolio analysis
Miscellaneous,Implement dynamic pricing for airline ticket sales
Miscellaneous,Generate personalized recommendations for streaming media content
Miscellaneous,Calculate the optimal packaging configurations for shipping goods
Miscellaneous,Implement dynamic pricing for restaurant menus
Miscellaneous,Generate personalized career development plans based on skills assessment
Miscellaneous,Perform personalized DNA analysis for ancestry or health purposes
Miscellaneous,Implement dynamic scheduling for service appointments
Miscellaneous,Generate personalized fashion recommendations based on body type
Miscellaneous,Perform personalized energy usage analysis for residential buildings
Miscellaneous,Implement dynamic pricing for ride-sharing services
Miscellaneous,Generate personalized recommendations for home improvement projects
Miscellaneous,Calculate the optimal deployment strategies for software releases
Miscellaneous,Implement dynamic pricing for event ticket sales
Miscellaneous,Generate personalized mindfulness exercises based on stress levels
Miscellaneous,Perform personalized risk assessments for insurance policies
Miscellaneous,Implement dynamic pricing for car rentals
Miscellaneous,Generate personalized recommendations for pet care products
Miscellaneous,Calculate the optimal staffing levels for call centers
Miscellaneous,Implement dynamic pricing for parking spaces
Miscellaneous,Generate personalized wine recommendations based on taste preferences
Miscellaneous,Perform personalized wellness assessments for workplace health programs
Miscellaneous,Implement dynamic pricing for vacation rentals
Miscellaneous,Generate personalized recommendations for gardening supplies
Miscellaneous,Calculate the optimal product bundling strategies for e-commerce platforms
Miscellaneous,Implement dynamic pricing for event space rentals
Miscellaneous,Generate personalized recommendations for outdoor activities
Miscellaneous,Perform personalized home security assessments
Miscellaneous,Implement dynamic pricing for gym memberships
Miscellaneous,Generate personalized recommendations for art supplies
Miscellaneous,Calculate the optimal distribution routes for delivery services
Miscellaneous,Implement dynamic pricing for parking gar
Geolocation,Calculate distance between two coordinates
Geolocation,Get the current weather for a specific location
Geolocation,Find nearby restaurants based on coordinates
Geolocation,Get directions from one location to another
Geolocation,Reverse geocoding (get address from coordinates)
Geolocation,IP address geolocation
Geolocation,Find points of interest near a given location
Geolocation,Calculate travel time between two locations
Geolocation,Estimate fuel cost for a journey based on distance
Geolocation,Locate the nearest public transportation stops
Geolocation,Find elevation at a given location
Text Analysis,Detect language of a text
Text Analysis,Analyze sentiment of a piece of text
Text Analysis,Extract keywords from a document
Text Analysis,Identify named entities in a text
Text Analysis,Analyze text readability
Text Analysis,Summarize a long piece of text
Text Analysis,Translate text from one language to another
Text Analysis,Spell checking and correction
Text Analysis,Generate synonyms for a given word
Text Analysis,Classify text into categories or topics
Text Analysis,Detect offensive language in text
Mathematics,Perform basic arithmetic operations
Mathematics,Calculate area and perimeter of a shape
Mathematics,Generate random numbers within a range
Mathematics,Calculate the square root of a number
Mathematics,Compute trigonometric functions (e.g., sine, cosine)
Mathematics,Solve linear equations
Mathematics,Find prime numbers within a range
Mathematics,Calculate distance between two points in a 3D space
Mathematics,Calculate compound interest
Mathematics,Generate random matrices
Mathematics,Convert units (e.g., meters to feet)
Data Processing,Convert data from one format to another (e.g., JSON to XML)
Data Processing,Validate email addresses
Data Processing,Parse HTML/XML documents
Data Processing,Generate QR codes
Data Processing,Compress and decompress files (e.g., ZIP, GZIP)
Data Processing,Generate UUIDs (Universally Unique Identifiers)
Data Processing,Extract metadata from files (e.g., PDF, image)
Data Processing,Convert currency values
Data Processing,Encrypt and decrypt data
Data Processing,Generate hashes for data integrity verification
Data Processing,Convert timestamps between time zones
Data Processing,Generate random passwords
Networking,Check if a website is reachable
Networking,Get information about IP addresses
Networking,Retrieve web page content
Networking,Monitor website uptime
Networking,Perform port scanning
Networking,Parse RSS feeds
Networking,Check SSL certificate validity
Miscellaneous,Generate lorem ipsum text
Miscellaneous,Generate random colors
Miscellaneous,Generate secure tokens for authentication
Miscellaneous,Generate fake user data for testing
Miscellaneous,Perform CRUD operations on a database
Miscellaneous,Send email notifications
Miscellaneous,Create calendar events
Miscellaneous,Generate barcodes
Miscellaneous,Run code snippets in various programming languages
Miscellaneous,Calculate BMI (Body Mass Index)
Miscellaneous,Generate random jokes or quotes
Miscellaneous,Calculate age from a given date of birth
Miscellaneous,Generate usernames
Health & Fitness,Track daily steps count
Health & Fitness,Record daily water intake
Health & Fitness,Log meals and track nutrition information
Health & Fitness,Monitor heart rate from wearable devices
Health & Fitness,Set reminders for medication doses
Health & Fitness,Find nearby gyms and fitness centers
Health & Fitness,Generate personalized workout routines
Health & Fitness,Track sleep patterns and quality
Health & Fitness,Calculate BMI (Body Mass Index)
Health & Fitness,Monitor menstrual cycle and fertility
Health & Fitness,Find healthy recipes based on dietary preferences
Health & Fitness,Track progress towards fitness goals
Home Management,Create shopping lists
Home Management,Set reminders for household chores
Home Management,Find DIY home improvement tutorials
Home Management,Keep track of home inventory
Home Management,Set timers for cooking or other tasks
Home Management,Find local home services (e.g., plumbers, electricians)
Home Management,Manage and schedule home maintenance tasks
Home Management,Organize and categorize household expenses
Home Management,Find local recycling centers or waste disposal options
Home Management,Calculate energy consumption and costs
Home Management,Plan and schedule home renovations
Finance,Track expenses and categorize spending
Finance,Create and manage budgets
Finance,Receive alerts for upcoming bill payments
Finance,Monitor investment portfolio performance
Finance,Calculate loan payments and interest
Finance,Generate financial reports and summaries
Finance,Compare prices for products and services
Finance,Find coupons and discounts for online shopping
Finance,Calculate potential savings from different financial products
Finance,Track credit score and receive credit report updates
Finance,Plan for retirement and set savings goals
Education & Learning,Find online courses on various topics
Education & Learning,Get answers to homework questions
Education & Learning,Learn new languages with interactive lessons
Education & Learning,Practice math problems and exercises
Education & Learning,Discover educational podcasts and audiobooks
Education & Learning,Access digital libraries for ebooks and research papers
Education & Learning,Receive personalized learning recommendations
Education & Learning,Find tutors or mentors for specific subjects
Education & Learning,Take quizzes and assessments to test knowledge
Education & Learning,Participate in virtual study groups or discussions
Communication,Send and receive text messages
Communication,Make voice and video calls
Communication,Share photos and videos with friends and family
Communication,Create group chats or channels for communication
Communication,Set status updates and availability
Communication,Share location with friends for meetups
Communication,Send voice messages or memos
Communication,Sync messages across multiple devices
Communication,Manage contacts and address book
Communication,Block and report spam or unwanted messages
Travel & Transportation,Book flights, hotels, and rental cars
Travel & Transportation,Plan itineraries for upcoming trips
Travel & Transportation,Find local attractions and points of interest
Travel & Transportation,Check flight status and gate information
Travel & Transportation,Track luggage during travel
Travel & Transportation,Get real-time public transportation schedules and routes
Travel & Transportation,Share ETA (Estimated Time of Arrival) with contacts
Travel & Transportation,Find parking spots and reserve parking in advance
Travel & Transportation,Access maps and navigation for driving or walking directions
Travel & Transportation,Discover travel deals and vacation packages
Entertainment & Leisure,Discover new books and authors to read
Entertainment & Leisure,Find nearby events and activities
Entertainment & Leisure,Play interactive games and puzzles
Entertainment & Leisure,Join virtual communities for hobbies and interests
Entertainment & Leisure,Create and share photo albums or slideshows
Entertainment & Leisure,Find restaurants and book tables for dining out
Entertainment & Leisure,Attend virtual concerts or live performances
Entertainment & Leisure,Explore virtual reality experiences
Social Media,Post updates and share content with followers
Social Media,React to posts with likes, comments, and shares
Social Media,Follow and unfollow other users
Social Media,Create and manage groups or communities
Social Media,Discover trending topics and hashtags
Social Media,Schedule posts for future publishing
Social Media,Analyze engagement and audience demographics
Social Media,Filter and curate content from multiple sources
Social Media,Collaborate with team members on social media campaigns
Social Media,Monitor mentions and respond to messages across platforms
Productivity & Organization,Create and manage task lists and to-dos
Productivity & Organization,Set reminders and alarms for important events
Productivity & Organization,Organize emails and filter inbox messages
Productivity & Organization,Access and edit documents from cloud storage
Productivity & Organization,Collaborate on projects with shared documents and files
Productivity & Organization,Track progress on goals and milestones
Productivity & Organization,Scan and digitize documents for storage or sharing
Productivity & Organization,Generate reports and summaries for meetings
Productivity & Organization,Manage calendars and schedule appointments
Productivity & Organization,Delegate tasks and assign responsibilities to team members
Project Management,Create and manage project timelines
Project Management,Assign tasks to team members and track progress
Project Management,Set project milestones and deadlines
Project Management,Generate project status reports
Project Management,Schedule and organize meetings
Project Management,Allocate resources and manage budgets
Project Management,Monitor project risks and issues
Project Management,Collaborate on project documentation and deliverables
Project Management,Conduct post-project evaluations and lessons learned sessions
Project Management,Integrate with version control systems for code repositories
Document Management,Create and share documents with team members
Document Management,Version control for documents
Document Management,Organize documents into folders and categories
Document Management,Review and approve documents through workflow processes
Document Management,Set document access permissions and security levels
Document Management,Convert documents between different file formats
Document Management,Digitize paper documents through scanning
Document Management,Index and search document contents for quick retrieval
Document Management,Automate document creation with templates
Document Management,Manage document expiration and archiving
Task Tracking & Collaboration,Create and assign tasks to team members
Task Tracking & Collaboration,Track task progress and completion status
Task Tracking & Collaboration,Set task priorities and due dates
Task Tracking & Collaboration,Share task-related files and documents
Task Tracking & Collaboration,Discuss tasks in real-time with team members
Task Tracking & Collaboration,Receive notifications for task updates and deadlines
Task Tracking & Collaboration,Collaborate on task-related comments and feedback
Task Tracking & Collaboration,Integrate with email for task assignment and updates
Task Tracking & Collaboration,Generate task-related reports and analytics
Task Tracking & Collaboration,Link tasks to project milestones and objectives
Employee Performance Management,Set employee goals and objectives
Employee Performance Management,Conduct performance evaluations and reviews
Employee Performance Management,Track employee progress towards goals
Employee Performance Management,Provide feedback and coaching to employees
Employee Performance Management,Identify training and development opportunities for employees
Employee Performance Management,Recognize and reward employee achievements
Employee Performance Management,Analyze employee performance metrics and KPIs
Employee Performance Management,Develop career paths and succession plans
Employee Performance Management,Manage disciplinary actions and performance improvement plans
Employee Performance Management,Integrate with HR systems for employee data management
Meeting Management,Create meeting agendas and share with participants
Meeting Management,Schedule meetings with automated calendar invitations
Meeting Management,Track RSVPs and attendance for meetings
Meeting Management,Take meeting minutes and assign action items
Meeting Management,Record and archive meeting recordings
Meeting Management,Generate meeting summaries and action item lists
Meeting Management,Integrate with video conferencing platforms for virtual meetings
Meeting Management,Set meeting reminders and notifications
Meeting Management,Manage meeting room reservations and resources
Meeting Management,Conduct post-meeting surveys and feedback collection
Time Tracking & Attendance,Record employee work hours and attendance
Time Tracking & Attendance,Track billable hours for client projects
Time Tracking & Attendance,Manage employee time off requests and approvals
Time Tracking & Attendance,Generate timesheets for payroll processing
Time Tracking & Attendance,Analyze time tracking data for project costing and budgeting
Time Tracking & Attendance,Integrate with biometric systems for secure attendance tracking
Time Tracking & Attendance,Monitor overtime and time spent on different tasks
Time Tracking & Attendance,Automate time tracking reminders for employees
Time Tracking & Attendance,Sync time tracking data with accounting and HR systems
Time Tracking & Attendance,Provide employees with self-service access to their time tracking records
Inventory Management,Track inventory levels for products and supplies
Inventory Management,Receive alerts for low inventory levels and stockouts
Inventory Management,Manage purchase orders and vendor relationships
Inventory Management,Monitor inventory turnover and aging
Inventory Management,Optimize inventory levels for cost efficiency
Inventory Management,Integrate with barcode scanners for efficient inventory tracking
Inventory Management,Generate inventory reports and analytics
Inventory Management,Implement inventory control measures to prevent theft and shrinkage
Inventory Management,Manage product recalls and returns
Inventory Management,Forecast demand and plan inventory replenishment
Expense Management,Track employee expenses and receipts
Expense Management,Set expense policies and approval workflows
Expense Management,Reconcile corporate credit card transactions
Expense Management,Analyze expense data for budget planning and cost control
Expense Management,Integrate with accounting software for expense reporting and reimbursement
Expense Management,Audit expense reports for compliance with company policies
Expense Management,Provide employees with mobile expense capture and submission
Expense Management,Generate expense reports for reimbursement processing
Expense Management,Monitor travel expenses and adherence to travel policies
Customer Relationship Management (CRM),Manage customer contact information and interactions
Customer Relationship Management (CRM),Track sales leads and opportunities
Customer Relationship Management (CRM),Schedule and log customer communications (calls, emails, meetings)
Customer Relationship Management (CRM),Segment and categorize customers for targeted marketing campaigns
Customer Relationship Management (CRM),Track customer purchases and order history
Customer Relationship Management (CRM),Generate sales forecasts and pipeline reports
Customer Relationship Management (CRM),Automate follow-up reminders and notifications
Customer Relationship Management (CRM),Integrate with email marketing platforms for campaign tracking
Customer Relationship Management (CRM),Provide customer support ticketing and case management
Customer Relationship Management (CRM),Analyze customer satisfaction and feedback data
Document Signing & Approval,Prepare and send documents for electronic signature
Document Signing & Approval,Capture and store digital signatures securely
Document Signing & Approval,Track document approval workflows and signatures
Document Signing & Approval,Set document expiration dates and reminders
Document Signing & Approval,Integrate with document management systems for seamless workflow
Document Signing & Approval,Authenticate signer identities and enforce signature validity
Document Signing & Approval,Encrypt documents for secure transmission and storage
Document Signing & Approval,Generate audit trails and logs for signed documents
Document Signing & Approval,Comply with regulatory requirements for electronic signatures
Document Signing & Approval,Provide mobile-friendly signing experience for signers
Knowledge Management,Create and organize knowledge base articles
Knowledge Management,Search and retrieve information from knowledge repositories
Knowledge Management,Capture and share best practices and lessons learned
Knowledge Management,Tag and categorize knowledge assets for easy access
Knowledge Management,Track usage and popularity of knowledge articles
Knowledge Management,Integrate with chatbots for instant access to knowledge base
Knowledge Management,Automate knowledge article creation and updates
Knowledge Management,Provide self-service access to knowledge base for employees and customers
Knowledge Management,Analyze knowledge base usage metrics for continuous improvement
Knowledge Management,Enable collaboration and feedback on knowledge articles
Training & Onboarding,Create and deliver employee training programs
Training & Onboarding,Track employee progress and completion of training modules
Training & Onboarding,Provide new hire onboarding materials and resources
Training & Onboarding,Assess employee knowledge and skills through quizzes and assessments
Training & Onboarding,Deliver compliance training and certifications
Training & Onboarding,Integrate with learning management systems for centralized training management
Training & Onboarding,Automate training reminders and notifications
Training & Onboarding,Collect feedback and evaluations from trainees
Training & Onboarding,Analyze training effectiveness and ROI
Training & Onboarding,Develop personalized learning paths for employees
Internal Communication,Send company-wide announcements and updates
Internal Communication,Create and distribute internal newsletters
Internal Communication,Host virtual town hall meetings for employees
Internal Communication,Manage internal communication channels (e.g., intranet, chat)
Internal Communication,Share company policies and procedures with employees
Industrial Software,Monitor equipment status in real-time
Industrial Software,Analyze machine performance metrics
Industrial Software,Generate predictive maintenance alerts
Industrial Software,Optimize production scheduling for efficiency
Industrial Software,Track inventory levels and manage stock
Industrial Software,Automate quality control processes
Industrial Software,Perform root cause analysis for production issues
Industrial Software,Implement energy management solutions
Industrial Software,Monitor and control industrial robots
Industrial Software,Visualize plant layouts and workflows
Industrial Software,Manage compliance with industry regulations
Industrial Software,Integrate data from sensors and IoT devices
Industrial Software,Generate reports for operational analysis
Industrial Software,Implement barcode scanning for inventory tracking
Industrial Software,Monitor environmental conditions (e.g., temperature, humidity)
Industrial Software,Optimize supply chain logistics
Industrial Software,Track and analyze equipment downtime
Industrial Software,Implement batch processing and recipe management
Industrial Software,Perform fault detection and diagnosis
Industrial Software,Monitor and control process variables
Industrial Software,Implement digital twin technology for simulations
Industrial Software,Manage and schedule equipment maintenance tasks
Industrial Software,Optimize material flow and handling
Industrial Software,Integrate with SCADA systems for process control
Industrial Software,Track and analyze production costs
Industrial Software,Implement lean manufacturing principles
Industrial Software,Visualize and analyze production line efficiency
Industrial Software,Manage work orders and assignments
Industrial Software,Optimize equipment utilization and OEE (Overall Equipment Effectiveness)
Industrial Software,Implement real-time inventory tracking and replenishment
Industrial Software,Monitor and analyze energy consumption
Industrial Software,Manage and track employee training and certifications
Industrial Software,Implement process automation solutions
Industrial Software,Perform advanced data analytics for process optimization
Industrial Software,Optimize packaging and labeling processes
Industrial Software,Monitor and control industrial heating, ventilation, and air conditioning (HVAC) systems
Industrial Software,Implement safety management systems
Industrial Software,Track and manage raw material usage
Industrial Software,Perform statistical process control (SPC) analysis
Industrial Software,Optimize production line layout for efficiency
Industrial Software,Monitor and analyze product quality metrics
Industrial Software,Implement real-time asset tracking and management
Industrial Software,Optimize maintenance schedules for cost savings
Industrial Software,Monitor and analyze equipment vibration and performance
Industrial Software,Implement remote monitoring and control solutions
Industrial Software,Optimize warehouse layout and storage capacity
Industrial Software,Monitor and analyze equipment lubrication and wear
Industrial Software,Implement condition-based maintenance strategies
Industrial Software,Optimize production throughput and cycle times
Industrial Software,Monitor and analyze equipment calibration
Industrial Software,Implement traceability solutions for product recalls
Industrial Software,Optimize raw material procurement and inventory management
Industrial Software,Monitor and analyze equipment pressure and flow rates
Industrial Software,Implement autonomous maintenance strategies
Industrial Software,Optimize production batch sizes for efficiency
Industrial Software,Monitor and analyze equipment corrosion and degradation
Industrial Software,Implement real-time production tracking and reporting
Industrial Software,Optimize production scheduling for resource allocation
Industrial Software,Monitor and analyze equipment temperature and pressure
Industrial Software,Implement failure mode and effects analysis (FMEA)
Industrial Software,Optimize production line changeover times
Industrial Software,Monitor and analyze equipment speed and performance
Industrial Software,Implement real-time quality control solutions
Industrial Software,Optimize inventory turnover and stock rotation
Industrial Software,Monitor and analyze equipment noise and vibration
Industrial Software,Implement remote diagnostics and troubleshooting
Industrial Software,Optimize equipment lifecycles and replacement schedules
Industrial Software,Monitor and analyze equipment power consumption
Industrial Software,Implement real-time asset performance management
Industrial Software,Optimize production line balancing for efficiency
Industrial Software,Monitor and analyze equipment torque and tension
Industrial Software,Implement predictive analytics for maintenance planning
Industrial Software,Optimize production line automation for labor efficiency
Knowledge Retrieval,Search for relevant research papers and academic articles
Knowledge Retrieval,Retrieve historical data and records from archives
Knowledge Retrieval,Access industry-specific standards and regulations
Knowledge Retrieval,Find case studies and success stories relevant to a specific topic
Knowledge Retrieval,Retrieve patents and intellectual property information
Knowledge Retrieval,Access product documentation and user manuals
Knowledge Retrieval,Search for answers to frequently asked questions (FAQs)
Knowledge Retrieval,Retrieve market research reports and industry analysis
Knowledge Retrieval,Access government and regulatory agency publications
Knowledge Retrieval,Find tutorials and guides for software and tools
Knowledge Retrieval,Retrieve data from specialized databases (e.g., medical databases, geological databases)
Knowledge Retrieval,Access online courses and training materials
Knowledge Retrieval,Search for answers to technical support inquiries
Knowledge Retrieval,Retrieve financial statements and annual reports for companies
Knowledge Retrieval,Find industry benchmarks and performance metrics
Knowledge Retrieval,Access online dictionaries and encyclopedias
Knowledge Retrieval,Search for peer-reviewed journals and academic publications
Knowledge Retrieval,Retrieve best practices and guidelines for specific processes
Knowledge Retrieval,Access internal company knowledge bases and wikis
Knowledge Retrieval,Search for relevant blog posts and opinion pieces
Knowledge Retrieval,Retrieve data from government databases (e.g., census data, economic indicators)
Knowledge Retrieval,Access legislative documents and policy briefs
Knowledge Retrieval,Search for tutorials and how-to guides for software development
Knowledge Retrieval,Retrieve documentation and specifications for hardware components
Knowledge Retrieval,Access industry-specific news and updates
Knowledge Retrieval,Search for troubleshooting guides and solutions for technical issues
Knowledge Retrieval,Retrieve data from scientific databases (e.g., GenBank, PubMed)
Knowledge Retrieval,Access whitepapers and technical reports from industry experts
Knowledge Retrieval,Search for relevant case law and legal precedents
Knowledge Retrieval,Retrieve data from open data repositories (e.g., data.gov, Kaggle)
Knowledge Retrieval,Access educational resources for teachers and educators
Knowledge Retrieval,Search for product reviews and ratings
Knowledge Retrieval,Retrieve data from environmental databases (e.g., EPA databases)
Knowledge Retrieval,Access documentation and specifications for APIs and SDKs
Knowledge Retrieval,Search for coding tutorials and programming examples
Knowledge Retrieval,Retrieve data from social science databases (e.g., Pew Research Center)
Knowledge Retrieval,Access online forums and communities for knowledge sharing
Knowledge Retrieval,Search for relevant news articles and press releases
Knowledge Retrieval,Retrieve data from geographical databases (e.g., GIS data)
Knowledge Retrieval,Access legal documents and court opinions
Knowledge Retrieval,Search for answers to troubleshooting questions in technical forums
Knowledge Retrieval,Retrieve data from educational databases (e.g., ERIC)
Knowledge Retrieval,Access industry-specific magazines and trade publications
Knowledge Retrieval,Search for documentation and tutorials for software APIs
Knowledge Retrieval,Retrieve data from financial databases (e.g., Bloomberg, Yahoo Finance)
Knowledge Retrieval,Access educational resources for students and learners
Knowledge Retrieval,Search for answers to questions on community question-and-answer sites
Knowledge Retrieval,Retrieve data from cultural heritage databases (e.g., museums, libraries)
Knowledge Retrieval,Access documentation and specifications for protocols and standards
Knowledge Retrieval,Search for user-generated content and discussions on social media platforms
Knowledge Retrieval,Retrieve data from agricultural databases (e.g., USDA databases)
Knowledge Retrieval,Access educational resources for homeschooling
Knowledge Retrieval,Search for answers to technical questions on developer forums
Knowledge Retrieval,Retrieve data from linguistic databases (e.g., corpus linguistics databases)
Knowledge Retrieval,Access documentation and tutorials for hardware integration
Knowledge Retrieval,Search for user reviews and ratings on consumer review websites
Knowledge Retrieval,Retrieve data from transportation databases (e.g., traffic data, transit schedules)
Knowledge Retrieval,Access documentation and tutorials for software deployment
Knowledge Retrieval,Search for answers to questions on technical Q&A websites
Knowledge Retrieval,Retrieve data from healthcare databases (e.g., electronic health records)
Knowledge Retrieval,Access documentation and specifications for electronic components
Knowledge Retrieval,Search for user-generated content and reviews on online marketplaces
Knowledge Retrieval,Retrieve data from energy databases (e.g., energy consumption data)
Knowledge Retrieval,Access documentation and tutorials for software configuration
Knowledge Retrieval,Search for answers to technical questions on support forums
Knowledge Retrieval,Retrieve data from educational assessment databases (e.g., SAT scores)
Knowledge Retrieval,Access documentation and specifications for network infrastructure
Knowledge Retrieval,Search for user-generated content and discussions on social news websites
Knowledge Retrieval,Retrieve data from demographic databases (e.g., census data, population statistics)
Knowledge Retrieval,Access documentation and tutorials for software customization
Knowledge Retrieval,Search for answers to questions on customer support websites
Knowledge Retrieval,Retrieve data from geological databases (e.g., geological surveys, mineral resources)
Knowledge Retrieval,Access documentation and specifications for medical devices
Knowledge Retrieval,Search for user-generated content and reviews on e-commerce websites
Knowledge Retrieval,Retrieve data from climate databases (e.g., weather data, climate models)
Knowledge Retrieval,Access documentation and tutorials for software integration
Knowledge Retrieval,Search for answers to questions on technical help websites
Knowledge Retrieval,Retrieve data from educational accreditation databases (e.g., college accreditation)
Knowledge Retrieval,Access documentation and specifications for aerospace components
Knowledge Retrieval,Search for user-generated content and reviews on travel websites
Knowledge Retrieval,Retrieve data from agricultural databases (e.g., crop yields, agricultural statistics)
Knowledge Retrieval,Access documentation and tutorials for software development frameworks
Knowledge Retrieval,Search for answers to questions on troubleshooting websites
Knowledge Retrieval,Retrieve data from oceanographic databases (e.g., sea level data, ocean currents)
Knowledge Retrieval,Access documentation and specifications for automotive components
Knowledge Retrieval,Search for user-generated content and reviews on gaming websites
Knowledge Retrieval,Retrieve data from historical archives and collections (e.g., museums, libraries)
Knowledge Retrieval,Access documentation and tutorials for software testing
Knowledge Retrieval,Search for answers to questions on DIY and home improvement websites
Knowledge Retrieval,Retrieve data from social science databases (e.g., surveys, opinion polls)
Knowledge Retrieval,Access documentation and specifications for consumer electronics
Knowledge Retrieval,Search for user-generated content and reviews on entertainment websites
Knowledge Retrieval,Retrieve data from educational databases (e.g., educational attainment data)
Knowledge Retrieval,Access documentation and tutorials for software deployment automation
Knowledge Retrieval,Search for answers to questions on parenting and childcare websites
Knowledge Retrieval,Retrieve data from wildlife databases (e.g., species distribution, biodiversity)
Knowledge Retrieval,Access documentation and specifications for industrial machinery
Knowledge Retrieval,Search for user-generated content and reviews on fitness and wellness websites
Knowledge Retrieval,Retrieve data from transportation databases (e.g., traffic accident data)
Knowledge Retrieval,Access documentation and tutorials for software version control
Knowledge Retrieval,Search for answers to questions on gardening and landscaping websites
Knowledge Retrieval,Retrieve data from educational databases (e.g., educational outcomes)
Knowledge Retrieval,Access documentation and specifications for agricultural machinery
Knowledge Retrieval,Search for user-generated content and reviews on fashion and beauty websites
Knowledge Retrieval,Retrieve data from historical archives and collections (e.g
